pixel_id,latitude_x,longitude_y,amplitude_onda,curvatura_ricci
0,0,0,254.0,0.0
1,0,1,254.0,0.0
2,0,2,254.0,0.0
3,0,3,254.0,0.0
4,0,4,254.0,0.0
5,0,5,254.0,0.0
6,0,6,254.0,0.0
7,0,7,254.0,0.0
8,0,8,254.0,0.0
9,0,9,254.0,0.0
10,0,10,254.0,0.0
11,0,11,254.0,0.0
12,0,12,254.0,0.0
13,0,13,254.0,0.0
14,0,14,254.0,0.0
15,0,15,254.0,0.0
16,0,16,254.0,0.0
17,0,17,254.0,0.0
18,0,18,254.0,0.0
19,0,19,254.0,0.0
20,0,20,254.0,0.0
21,0,21,254.0,0.0
22,0,22,254.0,0.0
23,0,23,254.0,0.0
24,0,24,254.0,0.0
25,0,25,254.0,0.0
26,0,26,254.0,0.0
27,0,27,254.0,0.0
28,0,28,254.0,0.0
29,0,29,254.0,0.0
30,0,30,254.0,0.0
31,0,31,254.0,0.0
32,1,0,254.0,0.0
33,1,1,254.0,0.0
34,1,2,254.0,0.0
35,1,3,254.0,0.0
36,1,4,254.0,0.0
37,1,5,254.0,0.0
38,1,6,254.0,0.0
39,1,7,254.0,0.0
40,1,8,254.0,0.0
41,1,9,254.0,0.0
42,1,10,254.0,0.0
43,1,11,254.0,0.0
44,1,12,254.0,0.0
45,1,13,254.0,0.0
46,1,14,254.0,0.0
47,1,15,254.0,0.0
48,1,16,254.0,0.0
49,1,17,254.0,0.0
50,1,18,254.0,0.0
51,1,19,254.0,0.0
52,1,20,254.0,0.0
53,1,21,254.0,0.0
54,1,22,254.0,0.0
55,1,23,254.0,0.0
56,1,24,254.0,0.0
57,1,25,254.0,0.0
58,1,26,254.0,0.0
59,1,27,254.0,0.0
60,1,28,254.0,0.0
61,1,29,254.0,0.0
62,1,30,254.0,0.0
63,1,31,254.0,0.0
64,2,0,254.0,0.0
65,2,1,254.0,0.0
66,2,2,254.0,0.0
67,2,3,254.0,0.0
68,2,4,254.0,0.0
69,2,5,254.0,0.0
70,2,6,254.0,0.0
71,2,7,254.0,0.0
72,2,8,254.0,0.0
73,2,9,254.0,0.0
74,2,10,254.0,0.0
75,2,11,254.0,0.0
76,2,12,254.0,0.0
77,2,13,254.0,0.0
78,2,14,254.0,0.0
79,2,15,254.0,0.0
80,2,16,254.0,0.0
81,2,17,254.0,0.0
82,2,18,254.0,0.0
83,2,19,254.0,0.0
84,2,20,254.0,0.0
85,2,21,254.0,0.0
86,2,22,254.0,0.0
87,2,23,254.0,0.0
88,2,24,254.0,0.0
89,2,25,254.0,0.0
90,2,26,254.0,0.0
91,2,27,254.0,0.0
92,2,28,254.0,0.0
93,2,29,254.0,0.0
94,2,30,254.0,0.0
95,2,31,254.0,0.0
96,3,0,254.0,0.0
97,3,1,254.0,0.0
98,3,2,254.0,0.0
99,3,3,254.0,0.0
100,3,4,254.0,0.0
101,3,5,254.0,0.0
102,3,6,254.0,0.0
103,3,7,254.0,0.0
104,3,8,254.0,0.0
105,3,9,254.0,0.0
106,3,10,254.0,0.0
107,3,11,254.0,0.0
108,3,12,254.0,0.0
109,3,13,254.0,0.0
110,3,14,254.0,0.0
111,3,15,254.0,0.9453027
112,3,16,254.0,2.2213256
113,3,17,254.0,0.0
114,3,18,254.0,0.0
115,3,19,254.0,0.0
116,3,20,254.0,0.0
117,3,21,254.0,0.0
118,3,22,254.0,0.0
119,3,23,254.0,0.0
120,3,24,254.0,0.0
121,3,25,254.0,0.0
122,3,26,254.0,0.0
123,3,27,254.0,0.0
124,3,28,254.0,0.0
125,3,29,254.0,0.0
126,3,30,254.0,0.0
127,3,31,254.0,0.0
128,4,0,254.0,0.0
129,4,1,254.0,0.0
130,4,2,254.0,0.0
131,4,3,254.0,0.0
132,4,4,254.0,0.0
133,4,5,254.0,0.0
134,4,6,254.0,0.0
135,4,7,254.0,0.0
136,4,8,254.0,0.0
137,4,9,254.0,0.0
138,4,10,254.0,0.0
139,4,11,254.0,0.0
140,4,12,254.0,0.0
141,4,13,254.0,0.0
142,4,14,254.0,0.9453027
143,4,15,37.5,2.2213256
144,4,16,2.0,0.9453027
145,4,17,254.0,2.2213256
146,4,18,254.0,0.0
147,4,19,254.0,0.0
148,4,20,254.0,0.0
149,4,21,254.0,0.0
150,4,22,254.0,0.0
151,4,23,254.0,0.0
152,4,24,254.0,0.0
153,4,25,254.0,0.0
154,4,26,254.0,0.0
155,4,27,254.0,0.0
156,4,28,254.0,0.0
157,4,29,254.0,0.0
158,4,30,254.0,0.0
159,4,31,254.0,0.0
160,5,0,254.0,0.0
161,5,1,254.0,0.0
162,5,2,254.0,0.0
163,5,3,254.0,0.0
164,5,4,254.0,0.0
165,5,5,254.0,0.0
166,5,6,254.0,0.0
167,5,7,254.0,0.0
168,5,8,254.0,0.0
169,5,9,254.0,0.0
170,5,10,254.0,0.0
171,5,11,254.0,0.0
172,5,12,254.0,0.0
173,5,13,254.0,0.0
174,5,14,254.0,0.0
175,5,15,254.0,0.9453027
176,5,16,254.0,2.2213256
177,5,17,254.0,0.0
178,5,18,254.0,0.0
179,5,19,254.0,0.0
180,5,20,254.0,0.0
181,5,21,254.0,0.0
182,5,22,254.0,0.0
183,5,23,254.0,0.0
184,5,24,254.0,0.0
185,5,25,254.0,0.0
186,5,26,254.0,0.0
187,5,27,254.0,0.0
188,5,28,254.0,0.0
189,5,29,254.0,0.0
190,5,30,254.0,0.0
191,5,31,254.0,0.0
192,6,0,254.0,0.0
193,6,1,254.0,0.0
194,6,2,254.0,0.0
195,6,3,254.0,0.0
196,6,4,254.0,0.0
197,6,5,254.0,0.0
198,6,6,254.0,0.0
199,6,7,254.0,0.0
200,6,8,254.0,0.0
201,6,9,254.0,0.0
202,6,10,254.0,0.0
203,6,11,254.0,0.0
204,6,12,254.0,0.0
205,6,13,254.0,0.0
206,6,14,254.0,0.0
207,6,15,254.0,0.0
208,6,16,254.0,0.0
209,6,17,254.0,0.0
210,6,18,254.0,0.0
211,6,19,254.0,0.0
212,6,20,254.0,0.0
213,6,21,254.0,0.0
214,6,22,254.0,0.0
215,6,23,254.0,0.0
216,6,24,254.0,0.0
217,6,25,254.0,0.0
218,6,26,254.0,0.0
219,6,27,254.0,0.0
220,6,28,254.0,0.0
221,6,29,254.0,0.0
222,6,30,254.0,0.0
223,6,31,254.0,0.0
224,7,0,254.0,0.0
225,7,1,254.0,0.0
226,7,2,254.0,0.0
227,7,3,254.0,0.0
228,7,4,254.0,0.0
229,7,5,254.0,0.30791163
230,7,6,254.0,0.08125949
231,7,7,254.0,0.0
232,7,8,254.0,0.0
233,7,9,254.0,0.0
234,7,10,254.0,0.0
235,7,11,254.0,0.0
236,7,12,254.0,0.0
237,7,13,254.0,0.0
238,7,14,254.0,0.0
239,7,15,254.0,2.2648313
240,7,16,254.0,2.2213256
241,7,17,254.0,0.0
242,7,18,254.0,0.0
243,7,19,254.0,0.0
244,7,20,254.0,0.0
245,7,21,254.0,0.0
246,7,22,254.0,0.0
247,7,23,254.0,0.0
248,7,24,254.0,0.0
249,7,25,254.0,0.0
250,7,26,254.0,0.0
251,7,27,254.0,0.0
252,7,28,254.0,0.0
253,7,29,254.0,0.0
254,7,30,254.0,0.0
255,7,31,254.0,0.0
256,8,0,254.0,0.0
257,8,1,254.0,0.0
258,8,2,254.0,0.0
259,8,3,254.0,0.0
260,8,4,254.0,0.30791163
261,8,5,136.75,0.3255296
262,8,6,215.75,0.31966773
263,8,7,254.0,0.08125949
264,8,8,254.0,0.0
265,8,9,254.0,0.0
266,8,10,254.0,0.0
267,8,11,254.0,0.0
268,8,12,254.0,0.0
269,8,13,254.0,2.490824
270,8,14,254.0,2.264839
271,8,15,1.75,2.2213256
272,8,16,2.0,2.2648313
273,8,17,254.0,2.2213256
274,8,18,254.0,2.0471723
275,8,19,254.0,0.0
276,8,20,254.0,0.0
277,8,21,254.0,0.0
278,8,22,254.0,0.0
279,8,23,254.0,0.0
280,8,24,254.0,0.0
281,8,25,254.0,0.0
282,8,26,254.0,0.0
283,8,27,254.0,0.0
284,8,28,254.0,0.0
285,8,29,254.0,0.0
286,8,30,254.0,0.0
287,8,31,254.0,0.0
288,9,0,254.0,0.0
289,9,1,254.0,0.0
290,9,2,254.0,0.0
291,9,3,254.0,0.0
292,9,4,254.0,0.3152244
293,9,5,134.75,0.31966773
294,9,6,213.75,0.3255296
295,9,7,254.0,0.085894585
296,9,8,254.0,0.0
297,9,9,254.0,0.0
298,9,10,254.0,0.0
299,9,11,254.0,0.3320799
300,9,12,254.0,2.490824
301,9,13,0.75,0.005937599
302,9,14,251.0,2.490824
303,9,15,254.0,2.264839
304,9,16,254.0,2.2213256
305,9,17,254.0,2.0471723
306,9,18,3.25,0.0
307,9,19,254.0,2.0471723
308,9,20,254.0,0.000490427
309,9,21,254.0,0.0
310,9,22,254.0,0.0
311,9,23,254.0,0.0009813309
312,9,24,254.0,0.0
313,9,25,254.0,0.0
314,9,26,254.0,0.0
315,9,27,254.0,0.0
316,9,28,254.0,0.0
317,9,29,254.0,0.0
318,9,30,254.0,0.0
319,9,31,254.0,0.0
320,10,0,254.0,0.0
321,10,1,254.0,0.0
322,10,2,254.0,0.0
323,10,3,254.0,0.0
324,10,4,254.0,0.0
325,10,5,254.0,0.3152244
326,10,6,254.0,0.085894585
327,10,7,254.0,0.0
328,10,8,254.0,0.0
329,10,9,254.0,2.2213256
330,10,10,254.0,2.2890475
331,10,11,130.25,1.7155252
332,10,12,254.0,0.33158946
333,10,13,253.75,2.490824
334,10,14,254.0,0.005937599
335,10,15,254.0,0.0
336,10,16,254.0,0.0
337,10,17,254.0,0.0
338,10,18,254.0,2.0471723
339,10,19,254.0,0.000490427
340,10,20,253.75,0.0
341,10,21,254.0,2.2213256
342,10,22,254.0,2.1442506
343,10,23,253.5,0.0
344,10,24,254.0,0.0009813309
345,10,25,254.0,0.0
346,10,26,254.0,0.0
347,10,27,254.0,0.0
348,10,28,254.0,0.0
349,10,29,254.0,0.0
350,10,30,254.0,0.0
351,10,31,254.0,0.0
352,11,0,254.0,0.0
353,11,1,254.0,0.0
354,11,2,254.0,0.0
355,11,3,254.0,0.0
356,11,4,254.0,0.0
357,11,5,254.0,0.0
358,11,6,254.0,0.0
359,11,7,254.0,0.0
360,11,8,254.0,2.2213256
361,11,9,2.0,2.2648313
362,11,10,1.75,0.5058005
363,11,11,7.25,2.2890475
364,11,12,254.0,1.7155252
365,11,13,254.0,0.000490427
366,11,14,254.0,0.0
367,11,15,254.0,0.0
368,11,16,254.0,0.0
369,11,17,254.0,0.0
370,11,18,254.0,0.0
371,11,19,254.0,0.0
372,11,20,254.0,2.2213256
373,11,21,2.0,2.1442504
374,11,22,2.5,2.2213256
375,11,23,254.0,2.1442506
376,11,24,254.0,0.0
377,11,25,254.0,0.0
378,11,26,254.0,0.0
379,11,27,254.0,0.0
380,11,28,254.0,0.0
381,11,29,254.0,0.0
382,11,30,254.0,0.0
383,11,31,254.0,0.0
384,12,0,254.0,0.0
385,12,1,254.0,0.0
386,12,2,254.0,0.0
387,12,3,254.0,0.0
388,12,4,254.0,0.0
389,12,5,254.0,0.0
390,12,6,254.0,0.0
391,12,7,254.0,0.0
392,12,8,254.0,0.0
393,12,9,254.0,2.2213256
394,12,10,254.0,2.2648313
395,12,11,254.0,1.7155252
396,12,12,254.0,0.0
397,12,13,254.0,0.0
398,12,14,254.0,0.0
399,12,15,254.0,0.0
400,12,16,254.0,0.0
401,12,17,254.0,0.0
402,12,18,254.0,0.0
403,12,19,254.0,0.0
404,12,20,254.0,0.0
405,12,21,254.0,2.219361
406,12,22,254.0,2.1442504
407,12,23,254.0,0.0
408,12,24,254.0,0.0
409,12,25,254.0,0.0
410,12,26,254.0,0.0
411,12,27,254.0,0.0
412,12,28,254.0,0.0
413,12,29,254.0,0.0
414,12,30,254.0,0.0
415,12,31,254.0,0.0
416,13,0,254.0,0.0
417,13,1,254.0,0.0
418,13,2,254.0,0.0
419,13,3,254.0,0.0
420,13,4,254.0,0.0
421,13,5,254.0,0.0
422,13,6,254.0,0.0
423,13,7,254.0,0.0
424,13,8,254.0,0.0
425,13,9,254.0,0.0
426,13,10,254.0,0.0
427,13,11,254.0,0.0
428,13,12,254.0,0.0
429,13,13,254.0,0.07268286
430,13,14,254.0,0.0
431,13,15,254.0,0.0009813309
432,13,16,254.0,0.000490427
433,13,17,254.0,2.018593
434,13,18,254.0,0.059811592
435,13,19,254.0,0.0
436,13,20,254.0,0.001964569
437,13,21,253.0,0.0009813309
438,13,22,254.0,0.001964569
439,13,23,254.0,0.0
440,13,24,254.0,0.0
441,13,25,254.0,0.0
442,13,26,254.0,0.0
443,13,27,254.0,0.0
444,13,28,254.0,0.0
445,13,29,254.0,0.0
446,13,30,254.0,0.0
447,13,31,254.0,0.0
448,14,0,254.0,0.0
449,14,1,254.0,0.0
450,14,2,254.0,0.0
451,14,3,254.0,0.0
452,14,4,254.0,0.0
453,14,5,254.0,0.0
454,14,6,254.0,0.0
455,14,7,254.0,0.0
456,14,8,254.0,0.0
457,14,9,254.0,0.0
458,14,10,254.0,0.0
459,14,11,254.0,0.0
460,14,12,254.0,0.07268286
461,14,13,219.5,2.0471723
462,14,14,254.0,0.07170153
463,14,15,253.5,0.000490427
464,14,16,253.75,2.0176117
465,14,17,3.5,2.3132472
466,14,18,225.25,2.018593
467,14,19,254.0,0.059811592
468,14,20,254.0,0.0009813309
469,14,21,253.5,0.0009832382
470,14,22,254.0,0.0009813309
471,14,23,254.0,0.0
472,14,24,254.0,0.0
473,14,25,254.0,0.0
474,14,26,254.0,0.0
475,14,27,254.0,0.0
476,14,28,254.0,0.0
477,14,29,254.0,0.0
478,14,30,254.0,0.0
479,14,31,254.0,0.0
480,15,0,254.0,0.0
481,15,1,254.0,0.0
482,15,2,254.0,0.0
483,15,3,254.0,0.0
484,15,4,254.0,0.0
485,15,5,254.0,0.0
486,15,6,254.0,0.0
487,15,7,254.0,0.0
488,15,8,254.0,0.0
489,15,9,254.0,0.0
490,15,10,254.0,0.0
491,15,11,254.0,0.0
492,15,12,254.0,2.0471723
493,15,13,3.25,0.07268286
494,15,14,254.0,2.0471723
495,15,15,254.0,0.0009813309
496,15,16,254.0,2.3124864
497,15,17,1.5,2.018593
498,15,18,254.0,2.3132598
499,15,19,254.0,0.0
500,15,20,254.0,0.0009813309
501,15,21,253.5,0.0
502,15,22,254.0,0.0009813309
503,15,23,254.0,0.0
504,15,24,254.0,0.0
505,15,25,254.0,0.0
506,15,26,254.0,0.0
507,15,27,254.0,0.0
508,15,28,254.0,0.0
509,15,29,254.0,0.0
510,15,30,254.0,0.0
511,15,31,254.0,0.0
512,16,0,254.0,0.0
513,16,1,254.0,0.0
514,16,2,254.0,0.0
515,16,3,254.0,0.0
516,16,4,254.0,0.0
517,16,5,254.0,0.0
518,16,6,254.0,0.0
519,16,7,254.0,0.0
520,16,8,254.0,0.0
521,16,9,254.0,0.0009794235
522,16,10,254.0,0.0
523,16,11,254.0,0.0
524,16,12,254.0,0.0
525,16,13,254.0,2.0471723
526,16,14,254.0,0.0
527,16,15,254.0,0.0
528,16,16,254.0,0.0
529,16,17,254.0,2.3124864
530,16,18,254.0,0.0
531,16,19,254.0,0.0
532,16,20,254.0,0.0009813309
533,16,21,253.5,0.0009813309
534,16,22,254.0,0.0009813309
535,16,23,254.0,0.0
536,16,24,254.0,0.0
537,16,25,254.0,0.0
538,16,26,254.0,0.0
539,16,27,254.0,0.0
540,16,28,254.0,0.0
541,16,29,254.0,0.0
542,16,30,254.0,0.0
543,16,31,254.0,0.0
544,17,0,254.0,0.0
545,17,1,254.0,0.0
546,17,2,254.0,0.0
547,17,3,254.0,0.0
548,17,4,254.0,0.0
549,17,5,254.0,0.0
550,17,6,254.0,0.0
551,17,7,254.0,0.0
552,17,8,254.0,0.0009794235
553,17,9,254.5,2.1097538
554,17,10,254.0,0.0017686576
555,17,11,254.0,0.0
556,17,12,254.0,2.0774846
557,17,13,254.0,0.0
558,17,14,254.0,0.0
559,17,15,254.0,0.0
560,17,16,254.0,0.0
561,17,17,254.0,0.0
562,17,18,254.0,0.0
563,17,19,254.0,0.0
564,17,20,254.0,0.0
565,17,21,254.0,2.311505
566,17,22,254.0,0.0009813309
567,17,23,254.0,0.0
568,17,24,254.0,0.0
569,17,25,254.0,0.0
570,17,26,254.0,0.0
571,17,27,254.0,0.0
572,17,28,254.0,0.0
573,17,29,254.0,0.0
574,17,30,254.0,0.0
575,17,31,254.0,0.0
576,18,0,254.0,0.0
577,18,1,254.0,0.0
578,18,2,254.0,0.0
579,18,3,254.0,0.0
580,18,4,254.0,0.0
581,18,5,254.0,0.33782697
582,18,6,254.0,0.12272477
583,18,7,254.0,0.09411073
584,18,8,254.0,2.1097538
585,18,9,2.75,0.0017686576
586,18,10,253.25,2.1097538
587,18,11,254.0,2.076012
588,18,12,3.0,1.7801311
589,18,13,254.0,2.0774846
590,18,14,254.0,0.0009813309
591,18,15,254.0,0.0
592,18,16,254.0,0.0
593,18,17,254.0,0.0
594,18,18,254.0,0.0
595,18,19,254.0,0.08299255
596,18,20,254.0,2.3124864
597,18,21,1.5,0.0009813309
598,18,22,253.5,2.3124864
599,18,23,254.0,0.0009813309
600,18,24,254.0,2.4240582
601,18,25,254.0,0.0
602,18,26,254.0,0.0
603,18,27,254.0,0.0
604,18,28,254.0,0.0
605,18,29,254.0,0.0
606,18,30,254.0,0.0
607,18,31,254.0,0.0
608,19,0,254.0,0.0
609,19,1,254.0,0.0
610,19,2,254.0,0.0
611,19,3,254.0,0.0
612,19,4,254.0,0.33782697
613,19,5,128.75,0.35582227
614,19,6,198.5,0.27666247
615,19,7,210.25,0.12272477
616,19,8,254.0,0.09411073
617,19,9,254.0,2.1097538
618,19,10,254.0,0.0014727116
619,19,11,254.0,1.7801311
620,19,12,6.25,2.0774846
621,19,13,254.0,1.7791498
622,19,14,253.5,2.3651667
623,19,15,254.0,0.0009813309
624,19,16,254.0,0.0
625,19,17,254.0,2.3124864
626,19,18,254.0,0.08299255
627,19,19,215.0,0.0
628,19,20,254.0,0.08299255
629,19,21,254.0,2.3124864
630,19,22,254.0,0.0009813309
631,19,23,254.0,2.4240582
632,19,24,1.0,0.0
633,19,25,254.0,2.4240582
634,19,26,254.0,0.0
635,19,27,254.0,0.0
636,19,28,254.0,0.0
637,19,29,254.0,0.0
638,19,30,254.0,0.0
639,19,31,254.0,0.0
640,20,0,254.0,0.0
641,20,1,254.0,0.0
642,20,2,254.0,0.0
643,20,3,254.0,0.0
644,20,4,254.0,0.3339882
645,20,5,129.75,0.3623142
646,20,6,195.25,0.35582227
647,20,7,254.0,0.16124935
648,20,8,254.0,0.0
649,20,9,254.0,0.0
650,20,10,254.0,0.0
651,20,11,254.0,0.0
652,20,12,254.0,1.7801311
653,20,13,254.0,2.3651667
654,20,14,1.25,0.0009813309
655,20,15,254.0,3.3448508
656,20,16,254.0,2.3124866
657,20,17,1.5,0.0
658,20,18,254.0,2.3124864
659,20,19,254.0,0.08299255
660,20,20,254.0,0.0
661,20,21,254.0,0.0
662,20,22,254.0,0.0
663,20,23,254.0,0.0
664,20,24,254.0,2.4240582
665,20,25,254.0,0.0
666,20,26,254.0,0.0
667,20,27,254.0,0.0
668,20,28,254.0,0.0
669,20,29,254.0,0.0
670,20,30,254.0,0.0
671,20,31,254.0,0.0
672,21,0,254.0,0.0
673,21,1,254.0,0.0
674,21,2,254.0,0.0
675,21,3,254.0,0.0
676,21,4,254.0,0.0
677,21,5,254.0,0.3339882
678,21,6,254.0,0.1309371
679,21,7,254.0,0.0
680,21,8,254.0,0.0
681,21,9,254.0,0.0
682,21,10,254.0,0.0
683,21,11,254.0,0.0
684,21,12,254.0,0.0
685,21,13,254.0,0.0
686,21,14,254.0,3.3448508
687,21,15,1.25,0.0009813309
688,21,16,253.5,2.3651667
689,21,17,254.0,2.3124866
690,21,18,254.0,0.0
691,21,19,254.0,0.0
692,21,20,254.0,0.0
693,21,21,254.0,0.0
694,21,22,254.0,0.0
695,21,23,254.0,0.0
696,21,24,254.0,0.0
697,21,25,254.0,0.0
698,21,26,254.0,0.0
699,21,27,254.0,0.0
700,21,28,254.0,0.0
701,21,29,254.0,0.0
702,21,30,254.0,0.0
703,21,31,254.0,0.0
704,22,0,254.0,0.0
705,22,1,254.0,0.0
706,22,2,254.0,0.0
707,22,3,254.0,0.0
708,22,4,254.0,0.0
709,22,5,254.0,0.0
710,22,6,254.0,0.0
711,22,7,254.0,0.0
712,22,8,254.0,0.0
713,22,9,254.0,0.0
714,22,10,254.0,0.0
715,22,11,254.0,0.0
716,22,12,254.0,0.0
717,22,13,254.0,0.0
718,22,14,254.0,0.0
719,22,15,254.0,2.3651667
720,22,16,254.0,0.0009813309
721,22,17,254.0,0.0
722,22,18,254.0,0.0
723,22,19,254.0,0.0
724,22,20,254.0,0.0
725,22,21,254.0,0.0
726,22,22,254.0,0.0
727,22,23,254.0,0.0
728,22,24,254.0,0.0
729,22,25,254.0,0.0
730,22,26,254.0,0.0
731,22,27,254.0,0.0
732,22,28,254.0,0.0
733,22,29,254.0,0.0
734,22,30,254.0,0.0
735,22,31,254.0,0.0
736,23,0,254.0,0.0
737,23,1,254.0,0.0
738,23,2,254.0,0.0
739,23,3,254.0,0.0
740,23,4,254.0,0.0
741,23,5,254.0,0.0
742,23,6,254.0,0.0
743,23,7,254.0,0.0
744,23,8,254.0,0.0
745,23,9,254.0,0.0
746,23,10,254.0,0.0
747,23,11,254.0,0.0
748,23,12,254.0,0.0
749,23,13,254.0,0.0
750,23,14,254.0,0.0
751,23,15,254.0,0.46431065
752,23,16,254.0,1.5949441
753,23,17,254.0,0.0
754,23,18,254.0,0.0
755,23,19,254.0,0.0
756,23,20,254.0,0.0
757,23,21,254.0,0.0
758,23,22,254.0,0.0
759,23,23,254.0,0.0
760,23,24,254.0,0.0
761,23,25,254.0,0.0
762,23,26,254.0,0.0
763,23,27,254.0,0.0
764,23,28,254.0,0.0
765,23,29,254.0,0.0
766,23,30,254.0,0.0
767,23,31,254.0,0.0
768,24,0,254.0,0.0
769,24,1,254.0,0.0
770,24,2,254.0,0.0
771,24,3,254.0,0.0
772,24,4,254.0,0.0
773,24,5,254.0,0.0
774,24,6,254.0,0.0
775,24,7,254.0,0.0
776,24,8,254.0,0.0
777,24,9,254.0,0.0
778,24,10,254.0,0.0
779,24,11,254.0,0.0
780,24,12,254.0,0.0
781,24,13,254.0,0.0
782,24,14,254.0,0.46431065
783,24,15,99.75,1.654863
784,24,16,9.5,1.6611536
785,24,17,254.0,1.5949441
786,24,18,254.0,0.0
787,24,19,254.0,0.0
788,24,20,254.0,0.0
789,24,21,254.0,0.0
790,24,22,254.0,0.0
791,24,23,254.0,0.0
792,24,24,254.0,0.0
793,24,25,254.0,0.0
794,24,26,254.0,0.0
795,24,27,254.0,0.0
796,24,28,254.0,0.0
797,24,29,254.0,0.0
798,24,30,254.0,0.0
799,24,31,254.0,0.0
800,25,0,254.0,0.0
801,25,1,254.0,0.0
802,25,2,254.0,0.0
803,25,3,254.0,0.0
804,25,4,254.0,0.0
805,25,5,254.0,0.0
806,25,6,254.0,0.0
807,25,7,254.0,0.0
808,25,8,254.0,0.0
809,25,9,254.0,0.0
810,25,10,254.0,0.0
811,25,11,254.0,0.0
812,25,12,254.0,0.0
813,25,13,254.0,0.0
814,25,14,254.0,0.4412763
815,25,15,104.5,1.6611536
816,25,16,9.5,1.654863
817,25,17,254.0,1.5949441
818,25,18,254.0,0.0
819,25,19,254.0,0.0
820,25,20,254.0,0.0
821,25,21,254.0,0.0
822,25,22,254.0,0.0
823,25,23,254.0,0.0
824,25,24,254.0,0.0
825,25,25,254.0,0.0
826,25,26,254.0,0.0
827,25,27,254.0,0.0
828,25,28,254.0,0.0
829,25,29,254.0,0.0
830,25,30,254.0,0.0
831,25,31,254.0,0.0
832,26,0,254.0,0.0
833,26,1,254.0,0.0
834,26,2,254.0,0.0
835,26,3,254.0,0.0
836,26,4,254.0,0.0
837,26,5,254.0,0.0
838,26,6,254.0,0.0
839,26,7,254.0,0.0
840,26,8,254.0,0.0
841,26,9,254.0,0.0
842,26,10,254.0,0.0
843,26,11,254.0,0.0
844,26,12,254.0,0.0
845,26,13,254.0,0.0
846,26,14,254.0,0.0
847,26,15,254.0,0.4412763
848,26,16,254.0,1.5949441
849,26,17,254.0,0.0
850,26,18,254.0,0.0
851,26,19,254.0,0.0
852,26,20,254.0,0.0
853,26,21,254.0,0.0
854,26,22,254.0,0.0
855,26,23,254.0,0.0
856,26,24,254.0,0.0
857,26,25,254.0,0.0
858,26,26,254.0,0.0
859,26,27,254.0,0.0
860,26,28,254.0,0.0
861,26,29,254.0,0.0
862,26,30,254.0,0.0
863,26,31,254.0,0.0
864,27,0,254.0,0.0
865,27,1,254.0,0.0
866,27,2,254.0,0.0
867,27,3,254.0,0.0
868,27,4,254.0,0.0
869,27,5,254.0,0.0
870,27,6,254.0,0.0
871,27,7,254.0,0.0
872,27,8,254.0,0.0
873,27,9,254.0,0.0
874,27,10,254.0,0.0
875,27,11,254.0,0.0
876,27,12,254.0,0.0
877,27,13,254.0,0.0
878,27,14,254.0,0.0
879,27,15,254.0,0.0
880,27,16,254.0,0.0
881,27,17,254.0,0.0
882,27,18,254.0,0.0
883,27,19,254.0,0.0
884,27,20,254.0,0.0
885,27,21,254.0,0.0
886,27,22,254.0,0.0
887,27,23,254.0,0.0
888,27,24,254.0,0.0
889,27,25,254.0,0.0
890,27,26,254.0,0.0
891,27,27,254.0,0.0
892,27,28,254.0,0.0
893,27,29,254.0,0.0
894,27,30,254.0,0.0
895,27,31,254.0,0.0
896,28,0,254.0,0.0
897,28,1,254.0,0.0
898,28,2,254.0,0.0
899,28,3,254.0,0.0
900,28,4,254.0,0.0
901,28,5,254.0,0.0
902,28,6,254.0,0.0
903,28,7,254.0,0.0
904,28,8,254.0,0.0
905,28,9,254.0,0.0
906,28,10,254.0,0.0
907,28,11,254.0,0.0
908,28,12,254.0,0.0
909,28,13,254.0,0.0
910,28,14,254.0,0.0
911,28,15,254.0,0.0
912,28,16,254.0,0.0
913,28,17,254.0,0.0
914,28,18,254.0,0.0
915,28,19,254.0,0.0
916,28,20,254.0,0.0
917,28,21,254.0,0.0
918,28,22,254.0,0.0
919,28,23,254.0,0.0
920,28,24,254.0,0.0
921,28,25,254.0,0.0
922,28,26,254.0,0.0
923,28,27,254.0,0.0
924,28,28,254.0,0.0
925,28,29,254.0,0.0
926,28,30,254.0,0.0
927,28,31,254.0,0.0
928,29,0,254.0,0.0
929,29,1,254.0,0.0
930,29,2,254.0,0.0
931,29,3,254.0,0.0
932,29,4,254.0,0.0
933,29,5,254.0,0.0
934,29,6,254.0,0.0
935,29,7,254.0,0.0
936,29,8,254.0,0.0
937,29,9,254.0,0.0
938,29,10,254.0,0.0
939,29,11,254.0,0.0
940,29,12,254.0,0.0
941,29,13,254.0,0.0
942,29,14,254.0,0.0
943,29,15,254.0,0.0
944,29,16,254.0,0.0
945,29,17,254.0,0.0
946,29,18,254.0,0.0
947,29,19,254.0,0.0
948,29,20,254.0,0.0
949,29,21,254.0,0.0
950,29,22,254.0,0.0
951,29,23,254.0,0.0
952,29,24,254.0,0.0
953,29,25,254.0,0.0
954,29,26,254.0,0.0
955,29,27,254.0,0.0
956,29,28,254.0,0.0
957,29,29,254.0,0.0
958,29,30,254.0,0.0
959,29,31,254.0,0.0
960,30,0,254.0,0.0
961,30,1,254.0,0.0
962,30,2,254.0,0.0
963,30,3,254.0,0.0
964,30,4,254.0,0.0
965,30,5,254.0,0.0
966,30,6,254.0,0.0
967,30,7,254.0,0.0
968,30,8,254.0,0.0
969,30,9,254.0,0.0
970,30,10,254.0,0.0
971,30,11,254.0,0.0
972,30,12,254.0,0.0
973,30,13,254.0,0.0
974,30,14,254.0,0.0
975,30,15,254.0,0.0
976,30,16,254.0,0.0
977,30,17,254.0,0.0
978,30,18,254.0,0.0
979,30,19,254.0,0.0
980,30,20,254.0,0.0
981,30,21,254.0,0.0
982,30,22,254.0,0.0
983,30,23,254.0,0.0
984,30,24,254.0,0.0
985,30,25,254.0,0.0
986,30,26,254.0,0.0
987,30,27,254.0,0.0
988,30,28,254.0,0.0
989,30,29,254.0,0.0
990,30,30,254.0,0.0
991,30,31,254.0,0.0
992,31,0,254.0,0.0
993,31,1,254.0,0.0
994,31,2,254.0,0.0
995,31,3,254.0,0.0
996,31,4,254.0,0.0
997,31,5,254.0,0.0
998,31,6,254.0,0.0
999,31,7,254.0,0.0
1000,31,8,254.0,0.0
1001,31,9,254.0,0.0
1002,31,10,254.0,0.0
1003,31,11,254.0,0.0
1004,31,12,254.0,0.0
1005,31,13,254.0,0.0
1006,31,14,254.0,0.0
1007,31,15,254.0,0.0
1008,31,16,254.0,0.0
1009,31,17,254.0,0.0
1010,31,18,254.0,0.0
1011,31,19,254.0,0.0
1012,31,20,254.0,0.0
1013,31,21,254.0,0.0
1014,31,22,254.0,0.0
1015,31,23,254.0,0.0
1016,31,24,254.0,0.0
1017,31,25,254.0,0.0
1018,31,26,254.0,0.0
1019,31,27,254.0,0.0
1020,31,28,254.0,0.0
1021,31,29,254.0,0.0
1022,31,30,254.0,0.0
1023,31,31,254.0,0.0
